AA,AXP,BA,BAC,CAT,CSCO,CVX,DD,DIS,GE,HD,HPQ,IBM,INTC,JNJ,JPM,KO,MCD,MMM,MRK,MSFT,PFE,PG,T,TRV,UNH,UTX,VZ,WMT,XOM,AAPL,AMD,DELL,GOOG,BNCN,C,CS,GS,AMZN,BBY,COST,WAG,WFM,TEVA,DJIA,SPY
0.044451763,0.011806513,0.009448889,0.007117468,-0.004434597,0.005037794,-0.003486349,-0.002143624,0.029141135,0.017291497,-0.020990276,0.019185241,0.000701017,0.01534557,0.008525201,0.014388737,-0.019544596,-0.029352212,-0.001215806,0.00896867,0.003766483,0.018237588,0.003294896,0.007518832,-0.003780723,0.008253142,0.001328904,0.021053409,0.003831422,0.00421645,0.005191644,0.03509132,0,-0.003647219,-0.023810649,0,0.013004084,0.000591891,0.004333701,0.018127385,-0.001415428,0.010666768,-0.032523192,-0.00199005,0.001746441,-0.000815994
0.00619197,0.027779564,0.007806441,0.01408474,0.008849615,0.010000083,-0.002331003,0.006417134,0.025774623,0,-0.003034904,0.01415118,-0.003510007,-0.01020417,0,0.011834458,-0.006600684,0.004246291,0,0.005934736,-0.003766483,0.006006024,-0.001646091,0.003738322,-0.005698021,0.005464494,0.00132714,0.011834458,-0.007677581,-0.002808991,0.008190551,0.022728251,0.014706147,0.011394723,0.023810649,0.014213437,0.012837147,0.005311314,0.012889545,0.017804625,-0.018585238,0.013175421,0,-0.008000043,0.002707795,0.004886003
-0.01242252,-0.006872879,0.018490511,0,-0.009961344,0.009901071,-0.008201569,-0.004273511,-0.007662873,-0.005730675,-0.003044142,0.016260521,0.010493276,-0.01030937,-0.001699236,-0.00471699,-0.006644543,-0.005665738,-0.0061013,0.011764842,0.029741969,0,-0.001648805,-0.015037877,-0.015355388,0.018893949,-0.00132714,-0.026827242,-0.007736983,0.007007737,-0.000906755,-0.034289073,0.028778965,0.007361996,-0.011834458,-0.00404041,0.010152371,-0.010650988,-0.008574543,-0.014815086,-0.004338402,0.002614381,-0.018770103,0.025769513,-0.002177618,-0.001626017
0,-0.006920443,0.009118604,-0.01408474,0.001111729,0,0.005865119,-0.004291852,-0.0051414,-0.005763705,0,0.004597709,-0.004883163,-0.005194817,-0.0102565,-0.019093659,-0.003338901,0.001419447,0.001223242,0.00873368,-0.011049836,0.011904903,-0.003305788,-0.007604599,-0.021506205,0.002670229,-0.001328904,-0.006060625,0.001939865,0.005571045,0.007231125,0.022989518,-0.021506205,0.004715839,-0.011976191,-0.002026343,-0.017834868,-0.008963311,-0.002155173,0.005952399,0,-0.005235614,0.0104713,0.009737175,-0.001933939,-0.002443993
0.00623055,0.00231214,-0.004548909,0.007067167,-0.003338901,-0.009901071,-0.009400774,-0.015168221,0,0.005763705,0,-0.006904515,-0.002100106,0.005194817,-0.006896579,-0.004830927,0.003338901,-0.0099787,0.010942358,-0.00290276,-0.011173301,-0.005934736,-0.001657001,-0.019268419,0.009832921,0,-0.006671139,0,-0.00583092,-0.006968669,0.018736608,0.033522692,0.007220248,-0.003575495,0.011976191,-0.006103783,0,-0.005416805,-0.004324331,0.014727807,-0.00290276,0.020779968,0.00415801,0.003868477,-0.003200058,-0.000815994
-0.012500163,0.011481182,-0.001520913,0.020906685,0.006666691,0.004962789,0.01639381,-0.002185793,-0.002580647,0.005730675,0.012121361,0.013761685,-0.002104526,0.01542447,0.001728609,0.002418381,-0.006688988,0.004288784,0.006027746,-0.00875918,-0.00375235,0,-0.004987542,-0.015686596,0.001955035,0.015873349,0.005340467,-0.018405428,0.009699397,0.008356595,-0.002359883,-0.092018899,0,0.002926356,-0.011976191,0.006103783,0.007682496,-0.00241692,-0.001626457,-0.005865119,0.008683123,-0.002574004,0.014418375,-0.007751977,0.002951626,0.003259987
-0.006309169,0,0.016604155,0.020478531,-0.005552485,0.009852296,0.006944472,0.002185793,-0.005181359,0.005698021,0,0.004545462,0.011867504,0.010152371,0.003448279,0.026223195,0.006688988,-0.004288784,0.010759219,0.00584797,0.01492565,0.005934736,0.013245227,0.003944778,0.011650617,-0.00526317,0.006635724,0.003091193,0.009606222,0.011034595,0.007942386,0,0.021353124,0.001297859,0,0.026027495,0.042453316,0.013818183,-0.001629107,-0.00294551,0.005747142,0.00770222,0.010173028,0.011605546,0.007137033,0.008910549
-0.025642431,0.002280503,-0.004501133,-0.013605652,0.006659292,0,-0.003466208,0.006528859,0.002594035,-0.005698021,0.011976191,0,-0.001388889,0,0.00686109,-0.00471699,0.00332779,-0.012977832,-0.007159935,-0.066289324,-0.011173301,-0.005934736,0.008190054,0.003929278,0.001928641,0.018301164,0,0.009216655,0,0.001370802,0.00380173,-0.012121361,-0.014184635,-0.000324307,0,-0.00793655,0.002442004,-0.000596837,0.008119124,-0.002954212,0.001431639,0.012706651,0.045507357,0.00192123,-0.002001082,-0.001614205
0.012903405,0.02474817,0.003003005,0.033673215,-0.001106807,0.004889985,0.006920443,0.008639363,0,0.011363759,0.017699577,0.013513719,0.007615129,-0.010152371,-0.0051414,0.009411834,-0.00332779,0.018692133,0.001196888,-0.01569891,0.003738322,0.005934736,0.001629992,0.01169604,0,0.030614636,-0.005305052,-0.009216655,0,0.014956091,0.00813958,0,-0.007168489,0.012090096,0,0.017769471,0.026475674,0.01950993,0.01710357,0.002954212,0.012793351,-0.005063302,0.01344881,-0.005774799,0.004711053,0.007243492
0.019048195,0.002219757,0.033901552,-0.020067563,0.028386185,0,0.005730675,-0.002152853,0.002587324,-0.011363759,0.00291971,0.002234638,0.004129393,0,-0.008628181,-0.004694844,0.006644543,0.00851069,0,-0.009539023,0.01113184,0,-0.001629992,-0.0038835,0,0.002509412,0.006626929,-0.03135053,0.005719749,0.010738358,-0.022841403,-0.012270093,0,0.024532369,0.023810649,-0.064668993,-0.007151401,-0.001757985,0.013161548,-0.014859114,0.001411433,0.012610508,0.001906578,0.001928641,0.004283568,0.001602564
-0.012658397,-0.024692613,-0.010196738,-0.041385216,-0.007563515,-0.014742282,-0.00458191,-0.017391743,-0.00778214,-0.017291497,-0.00878483,0,0.033099948,0,0.008628181,-0.023810649,-0.003316753,0.009838449,-0.002395211,0,-0.007407441,0,0.004882028,0,-0.003861009,-0.007547206,0.00395518,0.006349228,-0.00190295,-0.005354765,-0.005346018,-0.025001302,-0.021819047,-0.012428383,-0.023810649,-0.008385793,-0.007202912,-0.048057295,-0.023281475,-0.006006024,-0.008498635,-0.017699577,-0.017291497,-0.007736983,-0.001073401,-0.009654138
-0.006389798,0.002270149,-0.008823587,0.013986242,-0.02082267,-0.004962789,-0.002298852,-0.015469922,0.002600782,0.005797118,0.023256862,0.008888947,0.000664231,-0.005115101,0.003430535,0.023810649,-0.006666691,-0.002801122,0.001198322,0.006369448,-0.003724399,-0.005934736,0.008084118,-0.00389864,0.007707167,-0.007604599,-0.00395518,0.00315956,0.016997576,-0.006734032,-0.018332595,0.012578782,-0.014815086,-0.007946641,0,0.008385793,-0.004830927,-0.004316997,-0.02658144,0.011976191,0.004258346,0.007623925,0,-0.003891055,-0.000202977,-0.000808734
-0.012903405,0.015748357,0.008823587,-0.021053409,-0.008898835,0,0.011441772,0.004444452,0.012903405,0.072455079,0,0.00881063,-0.001994019,-0.0051414,-0.001713796,0.014018921,-0.003350087,-0.002808991,0.01426897,-0.006369448,-0.011257155,0.005934736,0.001609011,0.00389864,0.001917546,0.002541297,0.007894778,0.009419222,-0.00375235,0.016086138,-0.018057109,-0.064538521,-0.007490672,-0.024062526,0,0.018614808,0.026285862,0.00308547,-0.025050016,-0.005970167,0.005649733,0.002528446,-0.00778214,-0.015717416,0.004135969,0.001616815
0.038221213,-0.00447428,0.01453514,-0.021506205,0.019912162,0.019705071,0.003407158,0.01102547,0.005115101,0.010695289,0.002869442,0.006557401,0.026265463,0.020408872,-0.008613318,-0.006984895,0.010016778,0.005610113,0.011737224,-0.003200003,0.011257155,0.005899722,0.009600074,0.0038835,0.011428696,-0.01534557,0.016894489,0.00623055,0.005623258,-0.005333346,0.03221184,0.013245227,0.022305758,-0.001308473,0.011976191,-0.006166515,0.016374635,0.000615953,-0.00338792,0.005970167,-0.001409444,-0.005063302,0.005842276,-0.003968259,0.009114488,0.005638356
-0.012578782,-0.022676709,-0.007241161,-0.021978907,-0.002192983,0.019324273,0,0.004376375,0,0,0.014224991,-0.008752791,0.011598068,0.015037877,-0.01745245,-0.002339182,-0.006666691,0.001397624,-0.020036027,-0.012903405,0.003724399,0,0.00159109,0.011560822,0.011299555,0.020408872,0.002574004,0.015408625,0.020352229,0.001336006,0.011595195,-0.026668247,0,0.014461216,-0.024097552,-0.008281621,-0.002322881,-0.026834684,-0.000565771,-0.005970167,-0.002824861,-0.00508907,0.007736983,0.035159872,-0.000283835,0.00080289
0.025001302,-0.006904515,-0.030998792,-0.007434978,0.014169174,-0.009615459,0.005652926,0.025863511,-0.012837147,-0.005333346,0.008438869,-0.004405293,-0.002565749,0.009901071,-0.008841791,0.002339182,0,-0.004198747,0.011834458,-0.003252035,0.011090687,-0.005899722,-0.007980888,0,0,-0.007604599,-0.003863495,0.018182319,0.001829827,0.011944402,0.007362719,0,0,-0.005499852,0,-0.002081166,-0.014051753,-0.003802286,-0.007954587,-0.002998503,0.002824861,0,-0.011628038,0.032108518,0.000692749,0.004004811
-0.00619197,0.002306806,0.007468295,0.007434978,0.009693129,0.004819286,0.001126761,-0.002129926,0.002580647,0.021164811,0.01390843,-0.002209946,0,0,0.001774623,0.002333723,-0.003350087,-0.011283618,-0.00471699,0,0.003669729,0.005899722,-0.03092191,-0.023256862,0.007462721,0.049637981,0.014093763,0.002998503,0.003649639,0.003949972,-0.002056103,0.039740329,-0.022305758,0.000324359,0,0.00415801,0.00938974,0.016373162,0.050608519,-0.006024115,0.007027436,-0.005115101,0,-0.009337136,0.000367046,0.002395211
-0.02515856,-0.016260521,-0.019534806,-0.007434978,-0.010775966,-0.024332101,-0.014747857,0.002129926,-0.015584731,-0.005249356,-0.033711057,-0.026907453,-0.011628038,-0.014888612,-0.010695289,-0.01408474,-0.006734032,-0.014285957,-0.020299204,-0.003262646,-0.041127291,-0.017804625,0.001651528,-0.023810649,-0.014981554,-0.034486176,-0.014093763,-0.024243612,-0.014679163,-0.011897034,-0.020796947,-0.039740329,-0.022814678,-0.025954151,0.012121361,-0.02308602,-0.016490362,-0.013836699,-0.07485913,-0.018293193,-0.016949558,-0.01811175,-0.029675768,-0.01702974,-0.013950297,-0.017699577
0.03135053,-0.011778699,0.004542021,0.014815086,0.013986242,0.009804,0.016997576,0.006362694,0,-0.005277057,0,0.002270149,0.017391743,0,-0.003590668,0.009411834,0.010084119,0.005738897,0.006013247,0,0,0.005970167,-0.018318581,0.004008021,0.007518832,0.00250313,-0.001291156,0,-0.011152532,0.021053409,0.009560874,0.052643733,0,-0.000999001,-0.036813973,0.021009176,-0.007151401,0.011335134,-0.008805458,-0.003081667,-0.001425517,0.002607563,0.025769513,-0.003824096,0.005751504,0.007278641
0.04230238,0.004728141,0.012012156,0.036105005,0.010627093,0.014528101,0.013393057,0.018848726,0.025841231,0.036367644,0.008534902,0.017978012,0.009532961,0,0.014285957,0.023149182,0.003338901,-0.002865331,-0.00119976,0.025807884,0.011385322,0.052185753,-0.003367007,0.011928571,0.011173301,0.024692613,0.006439172,0.018237588,0.005591813,0.039571213,0.016514678,0.050010421,0.022814678,0.017667429,-0.051293294,0.016495219,0.018957914,0.010588701,0.01463298,0.009216655,0.008522779,0.043318875,0.023211874,0.020853836,0.012385249,0.015987551
-0.005934736,0.004705891,0.008915364,0,0.010515344,0.004796172,0.00221484,0.004140793,0.015190165,-0.005115101,-0.014265577,0.008869238,-0.001265823,0.004987542,0,-0.011507607,-0.003338901,0.001433692,-0.001201201,-0.006389798,-0.003780723,-0.005665738,-0.001687764,-0.00793655,-0.001853569,-0.002442004,0.003843695,-0.003016594,-0.009337136,-0.006277485,-0.002049481,0,0.022305758,0.001635323,0.063715814,-0.010277583,-0.009434032,-0.001860466,0.008101896,0.009132484,-0.02144471,-0.00500001,-0.023211874,-0.007532992,0.000149489,-0.001587302
0,-0.004705891,0,0.01408474,-0.001046573,0.014252023,0.00881063,0.002063984,0,0,0.005730675,0.008791265,0.001265823,0.009901071,0.00177148,0,-0.006711435,0.002861232,0.002400962,-0.025975486,-0.011428696,0.011299555,0.001687764,0.011881328,0.009233676,0.026539555,0,0.006024115,0.001874415,0,-0.002347419,0.012121361,0,-0.003109404,0,-0.008298803,0.007083855,-0.002486017,0.001152074,0.009049836,0.043823267,0.007490672,-0.001958864,-0.01523839,0.001684361,0.002380009
0,0.007050558,0.005899722,-0.01408474,0.006263068,0.004705891,-0.002195391,0.012295237,0.005012542,-0.01030937,0.002853069,0.002185793,0.003157565,0.004914015,0.001768347,-0.018692133,0,0.002853069,0.004784698,0,0.007633625,0.011173301,0.011735256,0,0.001836548,-0.011976191,0.003828977,-0.003007521,0.001870908,-0.00126024,0.008774552,0.011976191,0.00732604,0.001310401,-0.025001302,0.002081166,0.014018921,0.001243781,0.012585978,0.005988042,0.00138217,0,0.027080959,-0.007707167,0.002475751,0.002374358
0.005934736,0.02085823,0.00732604,0.027973852,0.009321663,0,0.005479466,0.014155949,0.004987542,0.01542447,-0.005714301,0.015168221,0.005031457,0,0,0.021004273,0,-0.007147993,0.004761914,0.003284075,0.015094626,-0.016807118,0.014888612,0,-0.003676475,-0.017011346,0.013915468,-0.009077218,0,0.007537724,0.015316005,-0.011976191,0.007272759,0.005387328,0,0.016495219,0,0.014193389,0.002838492,-0.005988042,0.001380262,0,-0.003824096,0.015355388,0.0057311,0.006304197
0.005899722,0.024916351,0.011611161,-0.006920443,0.001030397,0,0.001092299,0.008000043,0.007434978,0.020202707,0.014224991,0,0.011229064,-0.004914015,0.001765226,0.004608303,0.006711435,0.025497132,0.008279172,0.006535971,0,0.005633818,0.001640689,-0.003944778,0.012808958,0.002447982,0.002509412,0.009077218,0.005591813,-0.006277485,0.009419222,-0.012121361,-0.007272759,0.006653169,0.012578782,-0.002047084,0.013825105,0.007934128,0.036732009,-0.018182319,0.006872879,0.009901071,0.001913876,-0.054808236,0.005861946,0.004702203
-0.011834458,-0.004484312,0.004319661,0.006920443,-0.008273056,0,-0.015401845,0.00199005,0.050552279,0,0,0.017057983,-0.008722797,-0.004938282,-0.001765226,-0.013889112,0.003338901,0.006968669,0.014035318,-0.003262646,-0.007518832,-0.005633818,-0.004930166,0.003944778,0.016231195,0.002442004,0.001252348,0.011976191,0.005560719,-0.005050516,0.008486614,0,0.007272759,-0.002915454,-0.025317808,-0.010298752,-0.002290952,-0.014697141,0.01248998,-0.015408625,0.001368926,-0.002466092,0.015180557,-0.01011131,0.000547544,-0.002348338
-0.005970167,0.017817843,0,-0.013889112,0.008273056,-0.151806013,0.004424786,0.007920833,-0.002350177,0,0.005633818,-0.00849262,-0.003133816,0.014742282,0,0.009280809,0.006644543,-0.002781643,-0.003490405,-0.003273325,-0.019048195,0,0.003289477,0.007843177,-0.007181359,0.009708814,0.008722797,-0.00896867,-0.018657258,0.00756624,-0.010192614,0,-0.007272759,-0.000162219,-0.012903405,-0.012500163,-0.076227365,-0.004327673,0.004845232,0.00619197,-0.001368926,-0.002472189,0.110432378,0.006079046,-0.000866402,0
0.017804625,0.004405293,-0.007209837,0.020761991,0.02842831,-0.010989122,-0.002209946,0.013712262,0.002350177,0.004987542,0.002805051,0.002129926,-0.001885015,-0.004889985,-0.003539827,0.022832042,0,0.00555557,0.015037877,0.003273325,-0.007722046,-0.011363759,0.003278691,0.00778214,0.00896867,-0.002418381,0.006184312,0,0,-0.003775964,0.00652392,0,0.007272759,0.013055226,0,0.020747632,-0.004962789,0.008022258,0.015983292,-0.01242252,0.005464494,0,-0.005071862,-0.010152371,0.003591489,0.00625002
0.01169604,-0.004405293,0.001446132,0.006825965,-0.002004009,0.005509656,0.013187004,-0.00194742,-0.002350177,0.004962789,0.002797205,-0.006403437,-0.003780723,-0.004914015,0,-0.002259888,-0.006644543,0.001384083,0.001147447,-0.009852296,0,0.011363759,-0.003278691,0,-0.001787311,0.002418381,0,-0.015128882,-0.015180557,0.024907888,0.006481635,0.047628049,0.007220248,0.00574806,0.050643733,0.006141268,0.019705071,0.004904976,0.006322466,-0.015748357,-0.004095569,-0.007453451,-0.006802747,0.010152371,-0.000415626,0.002333723
-0.01169604,-0.006644543,-0.011628038,-0.006825965,-0.003013563,-0.005509656,-0.006571765,-0.007827829,-0.00471699,0,0.002789402,-0.006444705,-0.001895735,-0.009901071,0,0.0067644,0,-0.001384083,0.001146132,0,-0.00778214,0,-0.009901071,-0.00778214,0.008904778,-0.009708814,-0.003705996,0.018127385,0.00191022,-0.023647648,0.001964362,0,-0.007220248,-0.006388778,-0.037740328,0,0.00486619,0.002443495,-0.007380107,-0.006369448,-0.004112412,0.002490661,-0.001707942,0.002018164,-0.003388491,-0.003112843
0.01169604,0.013245227,0.014514043,0.006825965,0.005017572,-0.00554018,0.003291281,0.009775249,0.01408474,0,0.00555557,0.019210836,0.003157565,0.014815086,-0.001774623,0.024418527,0.00332779,-0.001386002,0.00912207,0.006578971,0.00389864,0.011236073,-0.003322262,0.00389864,0.00177148,0.012121361,0.006169051,-0.009022618,-0.005741643,0.008777486,0.008931123,0.034289073,0.109698917,0.000160218,0.012739026,-0.002042902,0.038099846,0.005476132,-0.012779727,-0.006410278,0.00820798,0,0.015267472,0.002014099,0.005017408,0.006216026
-0.00583092,-0.022173857,-0.002886005,-0.006825965,-0.001001502,0.00554018,0.00546151,0.017358199,0,0,0.008275909,-0.006362694,0.005031457,0.009756175,0.003546103,-0.002195391,0.019737483,0,0.004530019,0.003273325,0.007751977,0.005571045,0.004979263,0.007751977,0.005295688,0,-0.004932192,0.006024115,0.003831422,0.002493767,-0.013426775,0.054658413,-0.013072082,0.001600769,-0.012739026,0.008146685,0.02081,-0.009756175,0.005877655,0.006410278,-0.001363327,0.009901071,0.005037794,0.008016075,0.002438411,0.003093583
-0.011764842,-0.006749182,0.011494379,0,0.023763494,0.005509656,0.015135424,0.007619084,-0.002333723,0,0.00820798,0,0.003757049,0.009661911,0.005295688,0.002195391,0,0.001386002,0.002257337,-0.009852296,-0.007751977,-0.005571045,0.003305788,0,0.019181059,0.007202912,0.004932192,0.005988042,0.011406968,0.007444203,-0.021922586,-0.032435276,0.006557401,0.007648221,0,-0.006103783,0.018141087,0.005499556,-0.006413705,0.003189795,0.006798123,0.004914015,-0.006722714,-0.006006024,0.005916818,0.002313923
-0.04230238,-0.02746168,-0.028987537,-0.041964199,-0.03687513,-0.011049836,0.015966279,-0.028875924,-0.021252276,-0.030153038,-0.010959014,-0.008547061,-0.017654935,-0.014528101,-0.007067167,-0.042559614,-0.013114942,-0.00555557,-0.010198389,-0.013289232,-0.015686596,-0.016901811,-0.003305788,-0.011650617,-0.006932437,0.002389487,-0.017370164,-0.018072781,-0.032663807,0.01106342,-0.034556879,-0.033522692,-0.019802627,-0.031933047,-0.012903405,-0.045937095,-0.031966192,-0.030943063,-0.033254631,0.003179653,-0.020534602,-0.014815086,-0.030824358,-0.016194686,-0.014510149,-0.020234153
-0.00619197,-0.018735911,-0.010347469,0,-0.02051354,-0.011173301,0.019864741,-0.013766196,-0.012004946,-0.020619287,-0.019472103,-0.1015528,-0.010873148,-0.029705154,-0.005333346,0,0.003294896,-0.006988149,-0.019552089,-0.010084119,0,-0.005698021,0.00165426,-0.007843177,-0.001740644,0,-0.008799554,-0.003044142,-0.011787956,0.018171306,0.01184848,-0.034685558,-0.006688988,0.001801065,-0.013072082,0.002134473,0.009237941,0.000628338,-0.021289319,-0.012779727,-0.013927802,-0.022642477,-0.019315789,-0.0102565,-0.008799978,-0.006309169
0.00619197,0.002361276,0.007401958,-0.014388737,0.006198367,0,-0.00207254,-0.011952334,0.007220248,0.015504187,-0.005633818,-0.033819648,0.003210276,0.005012542,-0.001784122,-0.002290952,0,0,-0.002325582,0,0.007874056,0.005698021,-0.016667052,-0.003944778,-0.017575145,-0.004784698,-0.001263424,-0.009188426,-0.017946643,-0.012077441,0.000588755,0.06820825,0,-0.00409803,-0.054067221,-0.002134473,-0.009237941,0.002509412,0.006209447,-0.01620781,0.001401542,0.002541297,0.005305052,-0.008281621,-0.003077664,-0.000791452
0.006153866,0,0.021882711,0.014388737,0.014315173,0.011173301,0,0.019841921,0.011919092,0.01020417,-0.002828856,0.012210164,0.009569451,0.024692613,-0.001787311,0.018182319,0.006557401,-0.001403509,0.002325582,0.003372684,-0.007874056,0,-0.003367007,0.007874056,0.003539827,-0.004807702,0.007556711,0.012232568,-0.006054509,-0.007317106,0.015477021,0.010929071,0.006688988,0.001969151,0.027398974,0.002134473,0.004629638,0.009975145,-0.002817697,0.006514681,0.00836825,0.015113638,0.008779688,0.006217637,0.005115946,0.011023734
0.012195273,0,-0.004338402,0.007117468,0.008089023,0,0.016461277,0.013658749,0.018779895,0.005063302,0.011267725,0.021609484,-0.002542913,-0.014742282,0.029958188,0,-0.006557401,0.016713481,0.021827403,0.013378126,0,0.016901811,0.003367007,0.00781254,0.005286356,0,0.002506267,0.026988145,0.00404041,0.002444989,0.014384598,0,0.045610511,0.005558295,0.039740329,-0.004273511,-0.00231214,-0.006222795,-0.022832042,-0.003252035,0.016529302,0.031983046,0.012163486,-0.006217637,0.007874671,0.005466628
-0.037041272,-0.009478744,-0.026433257,-0.021506205,-0.029639369,0,-0.008196767,-0.029500664,-0.018779895,-0.030771659,-0.019802627,-0.014354313,-0.011523815,-0.004962789,-0.012227227,-0.025086834,0.013072082,-0.011111225,-0.019507216,-0.00332779,-0.015936592,-0.005602256,-0.005054771,-0.00781254,-0.012378584,-0.002412546,-0.017677228,-0.026988145,0.002014099,-0.008583744,-0.011202185,-0.021978907,-0.032365285,-0.02092161,-0.013072082,-0.023836448,-0.021053409,-0.015094626,-0.022184214,0.006493529,-0.015141377,-0.012180419,-0.035153004,-0.004166673,-0.013861029,-0.016490362
-0.006309169,-0.002383791,-0.00896867,-0.007272759,0.011346176,-0.005571045,0.005130848,-0.004000005,0.007083855,0,-0.002861232,0.007202912,0.001287001,0.004962789,0.001755927,-0.006952519,-0.006514681,-0.002797205,0.009227286,0.00332779,-0.00402415,0.005602256,-0.005080451,0.003913899,-0.005352377,0.026223195,0,0.009077218,-0.002014099,0.002460026,0.008055279,0.011049836,0.006557401,0,0,0.006557401,0.002361276,0.002531647,0.015231695,0,-0.026705733,-0.022305758,0.022989518,0.018614808,0.00072954,0.00237248
0.031155168,0.02823717,0.031044622,0.028778965,0.03129988,0,0.007139245,0.027669749,0.018648559,0.020619287,0.025461064,-0.002395211,0.020369896,0.014742282,0.005249356,0.018433702,0.019418086,0.02079077,0.017074974,0.016474837,0.00402415,0.027549952,0.001696353,-0.003913899,0.003571432,0.030129741,0.02142489,0.003007521,0,0.008562743,0.020981773,0.010929071,0.019418086,0.014543307,0.013072082,0.017279048,0,0.016922999,0.004061508,0.016051709,0.009922123,0.017391743,0.008703275,-0.004106782,0.015737221,0.017228304
-0.006153866,-0.011668744,0.001454546,-0.007117468,-0.010994614,-0.005602256,-0.004073325,-0.011764842,-0.011614532,-0.01542447,-0.008415197,-0.012062872,-0.010133082,-0.014742282,0,-0.011481182,-0.00643089,-0.002747254,-0.006795043,-0.003273325,-0.00806456,-0.005449605,-0.00851069,-0.007874056,0.001780944,-0.006872879,-0.012547216,-0.009049836,0.002014099,-0.008562743,0.001121705,0,-0.012903405,-0.014709793,0,-0.030437132,-0.028710106,-0.021357596,-0.006389798,-0.009600074,0.005625894,-0.007416598,0.01034492,-0.00619197,-0.007237628,-0.007794272
-0.018692133,0,-0.01316771,-0.007168489,-0.009086383,-0.011299555,-0.007168489,-0.011904903,-0.011751017,0,-0.011331566,-0.01467019,-0.012167938,-0.014962873,-0.010526413,-0.006952519,0,0.002747254,0.002270149,-0.006578971,-0.008130126,0,-0.0051414,0,-0.003565066,-0.020906685,-0.006333143,-0.003034904,-0.002014099,-0.003692312,-0.012976205,-0.044451763,-0.013072082,-0.015098425,-0.026317308,-0.004424786,-0.01467019,-0.011494379,-0.015267472,-0.026060107,-0.008450755,-0.009975145,-0.019048195,-0.020921265,-0.006578808,-0.0078555
0.012500163,0.032335381,0.01607047,0.042259809,0.019086466,0,0.007168489,0.019763489,0.002361276,0.01030937,0.011331566,0.009804,0.014710851,-0.005037794,0.005277057,0.025259667,0.00643089,-0.009648593,0.014631662,0.006578971,0.004073325,0,0.0051414,0.019570096,0.007117468,0.007017573,0.011370937,0.015083242,0.008032172,-0.001233806,0.001135074,0.011299555,0.013072082,0.001182532,0.013245227,0.026259715,-0.004938282,0.01339733,-0.013103225,-0.006622541,0.019608471,0.012453461,0.006968669,0.010515344,0.010228732,0.008637667
-0.012500163,-0.002275314,0.001448226,-0.006920443,-0.017060123,-0.005698021,-0.01542447,-0.011811161,0,0,0.019526422,-0.009804,0.021978907,0.005037794,-0.005277057,0.004524895,0,0.004146516,-0.006726483,0.009788006,0,0,0,0.011560822,0.007067167,0.013889112,-0.003775964,0.002989539,0.011928571,-0.002472189,-0.009403118,-0.034289073,-0.006514681,-0.001013514,0,0.002157498,0.002472189,0.00631714,0.013103225,-0.010016778,0.006910878,0.004938282,0.010362787,0.006256538,-0.000106438,-0.001564946
-0.0319516,-0.023042494,-0.011644964,-0.021053409,-0.039220713,-0.011494379,-0.030512625,-0.020000667,-0.016647233,-0.025975486,-0.016713481,-0.012391732,-0.023249555,-0.020305266,-0.014209831,-0.022832042,-0.00643089,0.010974047,-0.034328314,-0.013072082,-0.01639381,-0.016529302,-0.008583744,-0.003838776,-0.015971946,-0.016222836,-0.024251348,-0.005988042,0,-0.036551013,-0.016452962,-0.023530497,-0.013158085,-0.019454538,-0.026668247,-0.023992427,-0.01242252,-0.012674441,-0.017308698,-0.013513719,-0.011080446,-0.014888612,-0.010362787,-0.018888285,-0.018878466,-0.018972901
0.019293203,0.004651171,0.004382768,0.007067167,0.015666117,0.005763705,0.00851069,0.006042314,0.011919092,0.015666117,0,0.004975135,0.002539684,0.005115101,0.001787311,0.004608303,0,0.001363327,0.017311454,0.006557401,0.008230499,0.00554018,0,-0.007722046,0.007130155,-0.004683849,0.003868477,-0.015128882,-0.00197824,0.008945747,0.015020502,0.023530497,0,-0.006223011,0,0.006600684,0.007472015,0.002547772,0.011373963,0.020202707,-0.011204599,0,0.010362787,-0.002120892,0.004977329,0.007157088
0.006349228,-0.009324077,-0.01173034,-0.007067167,0.02051354,-0.005763705,0.008438869,0.002006019,-0.016726794,-0.020943174,-0.011299555,-0.002484473,-0.006361345,0,-0.00896867,-0.009237941,-0.012987196,-0.015099806,-0.00573725,-0.009852296,0,0.016438726,-0.001725626,-0.00778214,-0.001777778,-0.009434032,-0.0064558,-0.018462063,-0.003968259,0.003809528,0.004576667,-0.023530497,-0.020067563,-0.011861294,0.01342302,-0.006600684,-0.004975135,-0.014093763,-0.00776819,0.00332779,-0.009908078,-0.007528266,0.001716739,0.002120892,-0.004268337,-0.005562192
-0.006349228,-0.004694844,-0.014859114,-0.021506205,-0.013285837,-0.029327615,0.004192878,-0.012096922,-0.014563364,-0.016000341,-0.011428696,-0.015037877,-0.014786512,-0.036367644,-0.010869672,-0.016374635,-0.013158085,-0.006939653,-0.017411931,-0.016639319,-0.012371292,0,-0.012163486,-0.015748357,-0.005352377,-0.007134394,-0.015666117,-0.009360443,-0.005982072,-0.012755275,-0.023387814,-0.024097552,-0.020478531,-0.000702124,0,-0.022322355,-0.022699588,-0.00777206,-0.010250316,-0.020134908,-0.004276557,-0.012674441,0.006837633,-0.01494158,-0.011548024,-0.012024193
-0.025807884,-0.03106582,-0.030397477,-0.021978907,-0.003091193,-0.018018506,-0.016878038,-0.016360283,-0.024753739,-0.038360868,-0.017391743,-0.020408872,-0.038961679,-0.016000341,-0.014679163,-0.019048195,-0.023451661,-0.022536165,-0.021302581,-0.027212564,-0.020965128,-0.021978907,-0.015859363,-0.016000341,-0.007181359,-0.02171376,-0.01457945,-0.015798117,-0.012072581,-0.026009268,-0.045421611,-0.012270093,-0.027973852,-0.022014026,0.013245227,-0.01135086,-0.018018506,-0.01837322,-0.001819837,-0.006802747,-0.024585475,-0.012837147,0.0118545,-0.023940208,-0.020632467,-0.018722566
0.019418086,0.02634883,0.009216655,0.021978907,0.026478125,-0.006079046,0.027283959,0.014329826,0.00250313,0.016620881,0.00291971,0.032956088,0.008048333,0.005361943,0.007366516,0.019048195,0.01011813,0,0.011890747,0.013698844,0,0.027398974,0.012356733,0.016000341,0.010752792,0.009708814,0.01457945,0.028259337,0,0.023438573,0.013663489,0.024391453,-0.007117468,0.007510765,-0.026668247,0.013605652,0.025642431,0.009228806,-0.023342583,0.003407158,0.010196738,0.015384919,0.005037794,0.013129291,0.013785183,0.01306141
0.006389798,0.01641303,0.012158204,0.007220248,0.018915447,0.012121361,0.005162634,0.014127379,0.01242252,0,0.00581397,-0.00249688,0.010631329,0,0.007312647,0.025612576,0.006688988,-0.005714301,0.003539827,0.013513719,0,0.016086138,0.003502631,0.003960401,-0.010752792,0.007220248,0.009168368,0.015361285,0.002022245,-0.003868477,-0.011830868,0.023810649,0.021202208,-0.000534616,0.026668247,0.011198325,-0.010178205,0.026547367,0.005577951,0.020202707,0.002894358,-0.007662873,0,-0.002176279,0.007108734,0.00404695
0.03135053,0.002322881,0.029764102,0,0.02339288,0.011976191,0.022404196,0.013930574,0.014706147,0.02710193,0.014388737,0.009950331,0.011173301,0.015915455,0.005449605,-0.002301497,0.013245227,0.0099787,0.022132528,0.016639319,0.020965128,-0.010695289,0.010434877,0.011787956,0.014311514,0.014285957,0.015524245,0.018127385,0.008048333,0.024251348,0.025905063,0,0.013889112,0.027254434,-0.026668247,-0.015713006,0.025253867,0.001277139,0.016549566,0.013245227,0.00432589,0.025317808,0.021541844,0.002176279,0.01489879,0.015230755
-0.00619197,0.011534153,0.00875918,-0.014493007,-0.00676658,0.005934736,0.001006543,-0.00197824,-0.009780029,-0.010752792,-0.005730675,0,0.002610968,-0.005277057,0,-0.004618946,0,0.001417435,-0.002306806,0.003294896,0,0,-0.005203828,-0.003913899,-0.010714388,-0.011890747,-0.007731997,0.011904903,0.002002003,-0.003790276,0.005633818,-0.023810649,0,0.001386722,0,-0.002265007,0.007453451,0.003821661,-0.011617373,-0.016584128,0.007168489,-0.06720875,-0.006578971,0.002171554,-0.00148825,-0.003187254
0.030583423,0.004576667,0.012996573,-0.014706147,-0.000970403,0.005899722,0.002010051,-0.003968259,0.019465335,0,0.008583744,0.007398307,0.009085072,0.010526413,-0.001813237,0.00231214,0.013072082,0.009866183,0.014899989,0.003284075,0.00826451,-0.005390849,-0.001740644,0,0.001793722,0,0.012853647,0,-0.008032172,0.001265022,-0.005931215,0.023810649,0.027212564,0.008280192,0,-0.004545462,-0.004962789,-0.007657983,0.016468808,0.013289232,-0.008608375,0.015915455,0.008216973,0.021460051,0.005592308,0.002391392
0.006006024,0.013605652,0,-0.01492565,0.015414563,-0.011834458,-0.00100452,0.003968259,0.014354313,0.010752792,0.022536165,0.024273036,0.003224769,0,0.005429878,0.004608303,0.006472515,0.004198747,0.005672165,0.003273325,0.012270093,0.02139119,0.00521287,0.015564517,0.007142888,0.025975486,0.010165272,0.005899722,0.017982503,0.001263424,0.016812076,0.034685558,0.006688988,0.008041792,0,0.006810469,0.002484473,0.001920001,0.034486176,-0.05425059,0.017143277,0.002628122,0.021053409,0.02515856,0.006967233,0.009508788
0,0,0.008571481,-0.007547206,0.006669868,-0.005970167,0.012980711,0.007889587,0.00237248,0,0,-0.012062872,0.013431606,0,-0.001806685,0.002296212,0.00643089,0.004181191,-0.003399437,-0.006557401,-0.008163311,0,-0.00521287,0.011516442,0.003552402,-0.002333723,0.010062978,0.00293686,-0.003968259,0.010050336,0.018832948,0,-0.006688988,-0.012173318,0.039740329,0.0067644,-0.020050797,-0.012222732,-0.001169591,-0.031861102,-0.009964495,-0.00790518,0.012739026,0.002068253,0.004099879,0.003149609
0.011904903,0.00224972,-0.001423488,0,0.002844952,-0.006006024,-0.006968669,-0.003937013,-0.009523882,0,-0.019691213,-0.009756175,-0.005095552,0,0.005410293,0.002290952,-0.003210276,-0.002785517,-0.002272728,-0.003294896,-0.008230499,0,-0.003490405,0.015151805,-0.001774623,0.002333723,-0.001252348,0.01166194,-0.00199005,-0.001250782,-0.003162285,-0.022989518,-0.020339684,-0.007619084,-0.026317308,-0.0067644,0.005050516,-0.009102794,-0.009406301,0.003590668,-0.002865331,-0.00796817,-0.009539023,-0.008298803,-0.001859262,-0.002361276
0.011764842,-0.00224972,0.004264399,0,0.010362787,0.017910927,0.012903405,0.013712262,0.009523882,0.005333346,0.028013036,-0.024815169,0.009532961,-0.005249356,0,0,0.012779727,0.005563297,0.007932053,0.009852296,0,0.005277057,0.010434877,0.025975486,0.00531445,0.013889112,0.007490672,0.014388737,0,-0.002506267,0.001438642,0,0,0.011063207,0.013245227,0.00451468,0.010025147,0.012333814,0.030825354,-0.007194276,0.009992945,0.015873349,0.015848192,0,0.006634879,0.007067167
0.00583092,0.006734032,0.002832863,0.007547206,0.009328426,-0.005934736,0.005899722,0.013526776,0.009434032,0.010582109,-0.002766253,0.005012542,0.004417805,0.0104713,0.001796946,0.011376687,0.003169575,0.005532518,-0.004524895,0.01620781,0.008230499,-0.005277057,0.010327114,0.021739987,0.003527341,0.020478531,0.002484473,0.005698021,0.00199005,0.014944238,-0.006634959,0.011560822,-0.006872879,0.000171895,0.013072082,0,0,0.003863495,0.027120306,0.003603608,0.012703064,0.002621233,0.024845999,0,0.005814159,0.00624027
0.005797118,-0.015783868,0.001413428,-0.007547206,-0.001858737,-0.011976191,-0.004914015,-0.007707167,-0.007067167,0,-0.013947227,-0.007528266,-0.003153582,-0.015748357,-0.001796946,-0.009090972,0.006309169,0.002754823,0.011274077,-0.006451635,-0.012371292,0,-0.005150226,-0.003590668,0,-0.00451468,0.004950505,0.002836881,-0.005982072,-0.00495664,-0.000289477,-0.011560822,-0.013889112,0.00838687,0,-0.006779687,-0.007509422,-0.002574004,0.003894303,-0.018149319,0.006988149,0.002614381,-0.00153492,0.002081166,-0.002505038,-0.000777907
-0.011628038,0.004535155,0.001411433,0,0.015690216,-0.006042314,0.007850874,0.003861009,-0.004739345,0.015666117,0.011173301,0,0.006924799,-0.02139119,0.003590668,0.006825965,0.012500163,0,-0.003368897,0,0.004140793,0.005277057,0.008569033,0,0.005267791,0.00900907,0.007380107,-0.002836881,0.001998003,0.007425777,-0.011355487,-0.035506688,-0.007017573,0.008655124,-0.013072082,0.006779687,0.002509412,0.0102565,0,-0.003669729,0.012456908,0.020672571,0.012213892,0.008281621,0.004616066,0.0038835
0.00583092,0,-0.001411433,0.007547206,0.001829827,0.006042314,-0.000977995,0.007677581,-0.004761914,0.00516797,0,-0.017789542,0,-0.010869672,0.010695289,0.004524895,0.00619197,0.004118057,0.00560854,0.006451635,0.004123717,0.005249356,0.00170503,0.003590668,-0.001752849,0,-0.001226242,0.002836881,0.009930568,0.001232286,-0.010005969,-0.024391453,-0.007067167,-0.007122296,-0.026668247,-0.00451468,0.00250313,-0.008325376,0.015427303,-0.014815086,-0.001376463,-0.005128216,-0.009146405,-0.010362787,0.0018808,0.000774893
0.022989518,0,-0.00851069,0,-0.009182801,0.006006024,0.010705698,0.007619084,-0.004784698,-0.010362787,0.002773927,0,-0.001255493,0.010869672,-0.005333346,0.004504512,-0.003091193,0.00273598,-0.003361348,-0.003220615,0.008196767,-0.005249356,-0.008554372,0,-0.00881063,-0.011274077,0.002450982,-0.005681833,0.001974334,0.007361996,-0.006528213,0,0.01408474,-0.03216601,0.01342302,0.00900907,-0.005012542,0,0.012496767,0.014815086,0.009595687,0.007682496,-0.006144413,0.014478019,-0.000492057,0
0.005665738,0.022372298,0.005681833,0.022305758,-0.012065112,0.046792162,-0.006799443,0,-0.004807702,0.015504187,-0.002773927,0.022814678,0,0.010752792,-0.001784122,0.022223137,0.003091193,0.002728515,0.004479291,0.00643089,0.016194686,-0.005277057,0.001716739,0.003577821,0.014059986,-0.002270149,0.002444989,0,0.003937013,-0.003674223,-0.002682965,0.036367644,0.020761991,0.008923163,-0.01342302,0.026550232,0.034571344,0.018477748,-0.013590859,0.039644831,0.001363327,0.002547772,-0.029712897,0,0.002642967,0.003093583
0,-0.00221484,0.008462674,-0.007380107,-0.010323883,-0.005730675,0.00291971,-0.007619084,-0.004830927,-0.01030937,0.008298803,-0.002509412,0.002509412,0.005333346,-0.003577821,-0.004405293,-0.003091193,-0.009582551,-0.006726483,0,0,0,0.005132603,0.003565066,-0.003496507,-0.011428696,-0.003669729,-0.002853069,0,0.007334996,0.000298463,0,0.006825965,0.010224506,0,-0.002185793,0.016847571,0.003151594,0.011969675,0.007042283,0.037437527,0.002541297,0.011049836,0,-0.001393134,-0.00231929
-0.011363759,0.00221484,-0.011299555,-0.01492565,0,-0.017391743,0.006779687,-0.003831422,-0.007290433,-0.010416761,-0.008298803,-0.010101096,-0.002509412,0,0,-0.011098893,-0.003100778,0,0.001124227,0.009569451,-0.00402415,0.005277057,-0.003418807,0.007092228,-0.003508776,-0.002301497,-0.006146301,-0.002861232,-0.007889587,0.002433091,-0.008992866,0,-0.020619287,-0.003281239,0,-0.004385972,-0.002389487,-0.008849615,-0.001082251,-0.007042283,-0.018543578,-0.007643349,-0.022223137,-0.006179216,-0.002371983,-0.003877477
-0.005730675,0.002209946,0.00425231,0,-0.006625675,-0.005865119,-0.017527226,-0.009643276,0.00486619,0,0.002773927,0.007585371,-0.000628338,0.005305052,0.007142888,0,0.003100778,0.002747254,0.005602256,-0.003179653,-0.00404041,0.0104713,0.005123837,-0.003539827,0.013961832,0,0.002463055,0.005714301,0.005923018,-0.009768087,-0.013032462,0,0,-0.001384802,0,-0.006615239,0,0.003169575,-0.00379713,0.024434025,-0.002677378,0.007643349,0.003205131,-0.029352212,8.88E-05,-0.003112843
-0.065305098,-0.006644543,-0.009950331,0,-0.023055776,-0.005899722,-0.0339693,-0.019570096,-0.007308193,-0.010526413,0.002766253,0.002515725,-0.003778342,-0.016000341,0,-0.00447428,-0.009331327,0.00547197,-0.014631662,0,-0.012220111,-0.0104713,0.010169579,-0.007117468,-0.012205906,0.009174376,-0.012376396,-0.005714301,0.011741818,-0.023588927,0.004869151,-0.024097552,0.006920443,-0.011673623,0,0.004415018,-0.002395211,-0.006986373,-0.01975915,0.003442344,0.002677378,0,-0.003205131,0.006362694,-0.009543745,-0.007039528
-0.006153866,0.002219757,-0.012940511,-0.015151805,0.009671255,-0.011904903,-0.004073325,0,0.002442004,0,0,0,0.003778342,0,-0.005352377,-0.00900907,0.00623055,0.002724797,0.004524895,-0.003189795,0,0,0.00168492,-0.007168489,0.005249356,-0.009174376,0.002487563,0,0.001943635,0,0.011169927,0,0.053704179,0.009766384,0.01342302,-0.01107431,0,-0.00127551,0.009928377,-0.006896579,0,0,0.025357936,0.008421102,0.000603235,0
0,-0.006674107,0.002890175,-0.007662873,-0.000962927,0,0.011161963,0.005911347,-0.017220598,0,0.002758622,-0.017744445,0.006265685,-0.010810916,0.007130155,-0.027524673,0.015408625,0.002717393,0.001128032,0.009539023,-0.008230499,0.005249356,0.005037794,0.003590668,-0.005249356,0.011454879,-0.002487563,0,-0.001943635,0.00376176,-0.011169927,-0.012270093,-0.033225648,0.003983724,0.013245227,-0.015713006,-0.009638629,-0.027824506,-0.002197803,-0.024519617,-0.001337793,0.002534856,0.00624027,0.004184107,0.00115654,0.000784621
-0.00619197,0.008888947,0.004319661,-0.023347364,-0.002894358,-0.012048339,0.012036254,0.013658749,0.012330612,0.005277057,0.008230499,-0.002560821,0.007467365,0.005420067,0.008841791,-0.00232829,-0.00306279,0.004062294,-0.001128032,0.02191011,-0.004140793,0,0.013311345,0.010695289,0.001752849,0.002275314,-0.006246116,0.005714301,0.001943635,0.009962723,-0.014987282,0.012270093,0,-0.086241657,-0.013245227,-0.002265007,-0.009732437,-0.003944778,-0.009950331,-0.021506205,0.008000043,0.010075652,-0.004676548,0.002085506,0.004604729,0.003132344
-0.018809332,-0.004434597,0.00143575,-0.032002731,-0.031405918,-0.018349139,-0.016080749,-0.019570096,-0.007380107,-0.005277057,-0.010989122,-0.012903405,-0.001240695,-0.005420067,-0.001762115,-0.021202208,-0.012345836,-0.005420067,-0.014781395,-0.018750549,-0.008333382,-0.005249356,-0.00165426,-0.010695289,-0.012334958,-0.032335381,-0.021533448,-0.014347448,-0.005842276,-0.014981554,0.013468217,0,-0.020478531,-0.00737592,-0.083381609,0,-0.019753729,-0.009265453,-0.009489326,0.010810916,0,-0.005025136,-0.020521636,-0.006269613,-0.01143298,-0.0110064
0.018809332,0.013245227,0.005722476,-0.008163311,0.020721018,-0.00619197,0.008072698,0.015686596,0.002466092,0.015748357,0.002758622,0.005181359,-0.003731348,0.010810916,0.036367644,0.016529302,-0.003110422,-0.005449605,0.004571437,-0.006329135,0,0.005249356,-0.003316753,0,-0.014285957,0.009345862,0.00892294,-0.002894358,0.00195122,0.008766493,0.017779585,0,0.013698844,-0.010111695,0,0.024637304,-0.00249688,-0.012040279,0.002800338,0.014235116,-0.002659576,0.017478597,0.009523882,-0.021187233,0.005329379,0.005518343
0.012345836,0.006557401,0.025353471,-0.008230499,0.025073638,0.018462063,0.02285246,0.013526776,0.017094433,0.005194817,0.002751033,0.022989518,-0.003745323,0.077558234,0.02684725,-0.002344667,0.012384059,0.024292693,0.020316726,0.009478744,0.024794659,-0.005249356,-0.001662511,-0.007194276,0.016057437,0.006952519,0.042242305,0.014388737,0.00583092,0.022195732,0.013646014,0.047628049,0.020202707,0.008021433,-0.014598799,0.00881063,0.014888612,0.00536914,0.027580347,0.017513582,0.023685318,0.004938282,0.026501941,0.010649728,0.015113434,0.014051753
0.018237588,0.002176279,0.005547864,0.008230499,0.010421695,0,0.002942621,0.009551171,0.004830927,-0.020943174,-0.002751033,0.002522069,0.02104038,0.004962789,-0.004979263,0.002344667,0,-0.020202707,0.001116695,0,-0.008196767,-0.032088315,-0.006677821,0.017889565,0.036494058,0.077730568,0.013293247,-0.023122417,-0.001939865,0.008500355,0.023873041,0.011560822,0.006644543,-0.001141987,0.043172172,-0.004395611,0.009804,0.005340467,0.010822616,0,0.003893581,0.002460026,0.009188426,-0.088553397,0.004198825,0.00464038
-0.006042314,0,-0.006939653,0.008163311,-0.005671093,0.012121361,-0.005893927,-0.01339733,-0.007255171,-0.005305052,-0.008298803,-0.012674441,-0.003680986,0.019608471,0,-0.002344667,-0.003081667,0.002717393,0.002229655,0.00938974,0.004106782,0.021506205,0.001673641,-0.003552402,0.006802747,-0.002139038,-0.006020488,0.00291971,-0.003891055,-0.002421309,0.006595006,0,0.006600684,-0.000190458,0,-0.006629859,-0.002442004,-0.0086928,-0.002155173,0.003466208,-0.002594035,-0.004926118,-0.006116227,0.013793322,-0.002089196,-0.000771903
0.006042314,0,0.008321823,-0.01639381,0.02803922,0.023810649,0.011753318,-0.001928641,0.009661911,0.010582109,-0.00836825,0.00508907,0.004904976,0.023981965,0.013223333,0.011668744,-0.01242252,-0.001357773,0.019846296,0.021572485,0.020284671,0,0.006666691,0.014134511,-0.005097717,-0.008602204,0.014388737,0.017341475,0.009699397,0.014440684,-0.00745844,0.011428696,0.025975486,0.014747857,-0.028573372,-0.002219757,0.026539555,0.006693465,-0.016861971,0.017153079,0.014184635,0.009828089,-0.004611845,0.006825965,0.009212391,0.008458336
0.011976191,0.010810916,0.00688234,0.008230499,0.00551472,-0.017804625,0.001945526,0.009606222,0.004796172,0.031090587,0.002797205,0.007585371,0.011553792,0.009434032,0.009804,0.009237941,0.003120127,0.0121541,0.005443672,0.015128882,0.008000043,0.021053409,0.011560822,0.013937508,0.013536586,0.019251931,0,0.014224991,0.009606222,0.003577821,-0.00086418,0.011299555,-0.00643089,0.009154665,0.014388737,0,-0.007168489,-0.002672012,0.075517526,0,0.016508311,0,-0.0061824,0,0.007561473,0.006106889
-0.005970167,0.019169916,0.032391496,0.008163311,0.00091617,0.005970167,-0.00097229,0.020814375,0.011890747,-0.005115101,0.005571045,-0.012674441,0.00241546,0.004683849,-0.003257332,0.006872879,0.0062112,0.001341382,0.007571697,0.002998503,0.011881328,0.010362787,0.006546668,0,0.013355791,0.016807118,0.013010237,0.002820876,0.005719749,-0.004773279,-0.009555596,0.011173301,0.012820688,0.000371885,0.028170877,0.017621601,0.007168489,-0.014825069,-0.008171649,0.003395589,0.003771218,0.007308193,-0.042761859,0.004524895,0.005688664,0.003797954
-0.006006024,0.012578782,0.014502561,-0.01639381,0.024424552,0.011834458,0.005819609,0,0,-0.0051414,-0.00836825,-0.00255428,-0.001207001,0.013921339,0.006504088,-0.004576667,0,0.004013383,0,0.005970167,-0.02794593,0.0051414,0.006504088,-0.010434877,0.003311261,0.00415801,0.00702579,-0.014184635,0.003795071,0.007151401,0.009555596,0.011049836,-0.025807884,0.011460384,-0.028170877,0,0.011834458,0.002711866,0.004094172,0.013468217,-0.006293287,-0.009756175,0.004842624,-0.009070357,0.003691282,0.002271868
0.011976191,0.010362787,-0.002621233,0.008230499,-0.008976721,0.005865119,-0.011673284,-0.009407407,0.00471699,0,0.002797205,-0.00770222,0.009017194,-0.009259325,0.006462058,-0.009216655,0.003091193,0.00399734,-0.003237995,0.008888947,-0.012220111,0.005115101,0.004850454,0.003490405,0.003300333,0.012371292,0.004656586,-0.005730675,0.001892148,-0.011947573,-0.011011412,-0.011049836,0,-0.010345557,0.055569851,-0.022075952,-0.002355714,0.002029084,0.026708567,0.006666691,0.00126183,-0.009852296,-0.051208545,0.031392712,-0.000249826,-0.001514005
0.029327615,0.006166515,0,0.024292693,-0.009968365,-0.011764842,-0.018765983,-0.013320844,-0.00471699,0.0051414,0,0.0051414,0.004180358,0.013857035,0.001609011,0.016073825,0.003081667,0.003981425,-0.001081666,0.00294551,0.008163311,-0.031090587,0.008032172,0.020690393,0.008203491,-0.004106782,-0.002325582,0.005730675,0.007532992,-0.014528101,0.005520862,-0.022472856,0.019418086,-0.00876626,-0.041385216,0.006674107,-0.004728141,0.004045859,-0.013517102,-0.00332779,-0.006325132,0.017178337,0.003384098,-0.015573173,1.56E-05,-0.003795071
-0.011628038,-0.004106782,-0.009228806,-0.016129382,-0.022100347,0.005899722,-0.014056456,-0.017391743,-0.009501259,-0.015504187,-0.002797205,0.015267472,-0.013197552,0.018182319,-0.009693129,-0.009153382,-0.006172859,0.001323627,-0.006514681,0.005865119,0.00809721,0.0104713,0.011137744,0,-0.008203491,-0.002059733,-0.004667453,-0.002861232,-0.001877935,-0.009804,0.003759947,-0.011428696,0.006389798,0.003553066,-0.014184635,0,0,-0.002695419,0.007532047,-0.003338901,-0.00508907,-0.00732604,-0.001690617,0.017778246,-0.00658026,-0.006867635
-0.029675768,-0.004123717,-0.003981425,-0.008163311,-0.013121088,0,-0.02042972,-0.011764842,0,-0.021053409,-0.005617992,-0.002528446,-0.012762252,0.00896867,-0.009788006,-0.006920443,-0.01246122,-0.006635724,-0.013158085,-0.00881063,-0.012170536,-0.0104713,-0.007942854,-0.020690393,-0.008271346,0,-0.009400774,-0.014430265,-0.005655057,-0.026202372,-0.007824993,0.011428696,0,-0.002804002,0.014184635,-0.008908745,-0.021557721,-0.007450085,-0.014106027,-0.010084119,-0.006397974,-0.007380107,0.003378382,-0.002205073,-0.011016565,-0.009230835
0.011976191,0.014359221,0.010582109,0,0.008454724,0,0.003091193,0.013712262,0.009501259,0.005305052,0,0,0.007312647,-0.018018506,0.003273325,-0.00464038,0.003129893,0.001330672,0.006600684,0.00294551,0.004073325,0.005249356,-0.009615459,0.003478264,0.006622541,0.0102565,0.007058853,0.00290276,0,0,-0.000290994,0.011299555,0.006349228,0.002057037,0,0.008908745,-0.012180419,-0.002041511,0.002533571,0,0.010217203,-0.002472189,0.026623869,-0.002209946,0.004329423,0.004626068
0.017699577,0,0.003939598,-0.016529302,0.012087548,0.005865119,0.011253316,0.013526776,0,0.005277057,0,0.005050516,0.001213592,-0.022989518,0.006514681,0,0,0.007947062,0.004376375,0.00293686,0,0.005221944,-0.001611604,0.003466208,0,0.008130126,0.003510829,0,0.001888575,0.006301218,0.0026159,0,0.012578782,0.004287452,0,-0.024692613,0.002447982,-0.006149661,0.016064603,-0.017036187,0.01262643,0.017178337,-0.00824407,0,0.003625124,0.003838776
0,-0.002038737,0.003924138,0.008298803,0.011029524,0.011628038,0.003047234,0.009551171,0.018735911,0.0104713,0.008415197,0.012515808,0.007250787,0.013857035,0.00162206,0.00464038,0.00623055,0.00526317,-0.003280484,0.00875918,-0.008163311,0.010362787,0.008032172,0.010327114,0.006578971,0,0.003498546,0.008658063,0.007518832,0.002509412,0.005211361,0,0.01242252,0.009257611,0,0.002270149,0.002442004,0.008191172,0.01532029,0,0.009987599,0.009685306,0.040557059,0,0.005950129,0.008393792
-0.023669744,-0.006141268,-0.005235614,0,-0.025927378,0,-0.02049252,-0.025025368,-0.054840916,-0.0104713,-0.002797205,-0.012515808,-0.004828012,0.018182319,0.012882626,-0.021053409,0,-0.002628122,-0.001095891,-0.00583092,-0.012371292,0,0.003194891,-0.010327114,-0.009884759,-0.010173028,-0.003498546,-0.008658063,0,-0.021533448,-0.006373139,-0.011299555,0.024391453,-0.013358269,0.013986242,-0.02992168,-0.017220598,-0.016449994,0.001959824,0,-0.00373367,0.014354313,-0.006379607,0.032647078,-0.010263852,-0.009927535
0.005970167,-0.006179216,0.003929278,0,-0.012270093,-0.053425167,0.004132237,-0.003906255,0,0.005249356,0.002797205,-0.002522069,0.015606559,0.00896867,0.00796817,-0.004739345,0.015408625,0.01436994,0.010905233,0.017391743,0,0.0102565,0.014252023,0.006896579,0.009884759,0.002042902,0.001167542,0.005780363,0.009319732,-0.00128123,-0.001745201,0.011299555,-0.006042314,-0.000747384,0,-0.011751017,0.019656653,-0.035165367,0.008286667,0.040409538,0.019753729,0.018824085,0.001598721,0.023281475,0.00520417,0.004594189
-0.005970167,0,-0.005242476,-0.025105921,-0.021114028,0,-0.003097576,-0.017769471,0,-0.015831465,-0.008415197,-0.012706651,-0.01318964,-0.00896867,-0.00796817,-0.021609484,-0.00306279,0.001296176,-0.006528859,-0.0028777,-0.01252626,0.00508907,0,-0.006896579,-0.02321829,-0.002042902,-0.00702579,-0.005780363,0,-0.002567396,-0.017621601,0,-0.018349139,-0.010333582,0.027398974,-0.021506205,-0.032141209,-0.009349223,-0.017136282,0.019608471,-0.007361996,0,-0.012861914,-0.002094242,-0.007923621,-0.007668749
-0.006006024,0.010277583,-0.015894374,-0.00851069,-0.002914038,-0.018462063,-0.007265211,0,-0.014815086,-0.005333346,0,-0.015464226,-0.006660636,0.00896867,-0.003205131,-0.00486619,-0.003072199,0.00516797,-0.005473467,0.005747142,-0.016949558,0,0.001571092,-0.010434877,0.008354267,0.004081638,-0.001175779,-0.00581397,0.005550431,-0.007741974,-0.021564178,-0.034289073,-0.025001302,-0.02118602,-0.041385216,-0.007272759,-0.002515725,-0.006524126,-0.050643733,-0.006493529,-0.004938282,0.00232829,-0.017959666,-0.004201687,-0.003770288,-0.006952519
-0.030583423,0.014213437,-0.013441063,0.00851069,-0.038676114,0.00619197,-0.004175371,-0.012024193,0.002484473,-0.010752792,0.011204599,-0.075507553,0.009673594,-0.00447428,0,0.02171376,0,-0.002580647,-0.016602484,-0.002869442,0.004264399,0.010101096,0.006259801,0,-0.005004181,-0.004081638,-0.011834458,0.00291121,-0.009267907,0.002587324,0.008441413,-0.01169604,-0.006349228,0.022884294,0.027779564,0.007272759,0.010025147,0.002179441,0.011877237,-0.003262646,0.004938282,-0.01641303,0.003289477,0.00210305,-0.0054979,0
0.012345836,0.006030169,0.005398124,-0.00851069,0.030863575,0,0.023773729,0.017982503,0.009876623,0.010752792,0.002781643,-0.011267725,0,0.013363228,0.00160385,0.004761914,0.006134989,0.006439172,0.006674107,0.008583744,0.004246291,0,0,0.003490405,0.006666691,0.012195273,-0.002383791,0,-0.005602256,0.016656375,0.011046537,0.01169604,0.055741983,-0.001131862,0.027028672,-0.007272759,0,0,0.011230338,0.006514681,0.006138755,0,0.006546668,0.004192878,0.006437825,0.009259325
0,0.015904908,0.010709607,-0.008583744,0.000979912,0,0.010162689,0.00197824,0,0.010638398,-0.002781643,-0.008534902,0.000601504,-0.013363228,-0.00160385,0,0.003053437,0.012755275,0.007730574,-0.005714301,0.004228336,-0.005037794,0.001558847,0.006944472,-0.00332779,0,0.010682594,0.005797118,0.005602256,0.006333143,0.002076228,0,-0.024391453,0.002639021,0.013245227,0.002430135,-0.00249688,-0.01094502,0.009095565,-0.013072082,0.007317106,0.002361276,-0.001632653,0.012474174,0.003592238,0.002301497
-0.024845999,-0.013902905,-0.005340467,-0.017391743,-0.009842599,-0.01242252,-0.013231745,-0.011928571,0.002453989,-0.016000341,-0.008391658,-0.005730675,-0.002408189,-0.013544225,-0.011299555,-0.021609484,-0.003053437,-0.002538072,-0.012175026,-0.008633147,-0.012739026,-0.015267472,-0.001558847,-0.003466208,-0.00836825,-0.016293639,-0.007109035,-0.005797118,-0.003731348,-0.008877674,-0.015828313,0,-0.025001302,-0.013646914,0,-0.007308193,-0.00250313,-0.031299127,-0.001006543,-0.013245227,-0.004872117,0.002355714,-0.016474837,-0.006217637,-0.007429177,-0.008464845
-0.019048195,0,-0.016194686,-0.00881063,-0.023012521,-0.006269613,-0.011334485,-0.022245609,-0.009852296,-0.010810916,-0.008462674,-0.0028777,-0.010909199,-0.018349139,-0.001624696,-0.012210164,-0.012307848,0.002538072,-0.011198325,-0.002894358,-0.012903405,-0.0051414,-0.004691174,-0.006968669,-0.013536586,-0.012396853,-0.015578506,-0.00875918,-0.001870908,-0.010243367,-0.002411092,-0.023530497,-0.032157112,-0.010937459,-0.026668247,-0.022250609,-0.017699577,0.006037754,-0.012158204,0.00332779,-0.00981603,0.002350177,-0.015063046,-0.014659948,-0.010508991,-0.011659673
0.012739026,-0.012072581,-0.009569451,0,-0.004056801,-0.006309169,0.008255981,-0.006153866,0,-0.016438726,-0.005681833,0.0028777,-0.001829827,-0.009302393,0.003246756,-0.004926118,0,0.001266625,-0.005646542,0,0,-0.00516797,-0.001568628,0.003490405,-0.006837633,-0.025264502,-0.006056954,0.00292826,-0.007518832,0.00641439,-0.006660636,-0.011976191,0,-0.000192957,0.01342302,0.009950331,0.002547772,0.003755168,-0.015408625,0.009917437,-0.014907108,-0.004705891,-0.006768215,0.004210533,-0.002021232,-0.000782167
0.012578782,-0.002026343,0.009569451,-0.008888947,0.017128882,-0.006349228,0.010225038,0.016326893,0,0.005509656,0.002844952,0,-0.001221747,0.004662013,0.008071069,-0.002472189,-0.009331327,0.001265022,0.007896262,-0.00581397,0.004319661,0.01030937,-0.009463793,-0.006993035,0.006837633,-0.002134473,0.007263954,-0.014727807,-0.003780723,0.00891158,0.013876542,0.011976191,0,0.002698017,-0.040821995,-0.004962789,0.02512695,-0.000749906,-0.005189425,-0.019934215,-0.013862856,-0.002361276,0.005080451,0,0.003102932,0.00390473
0,0.004048589,0.004073325,0.008888947,0.008950831,0.006349228,0.001016777,-0.002026343,-0.002478316,0.010929071,-0.014306396,0.017094433,-0.003674223,-0.009345862,-0.003220615,0.004938282,-0.003129893,-0.003799878,0.001122965,-0.00878483,0.017094433,0.005115101,-0.001586043,0.003502631,-0.003412973,-0.002139038,0.00240964,0.005917177,0,0.005056901,-0.005407042,0,0.019418086,-0.002891011,0.027398974,-0.002490661,0.019656653,0,0.014463062,-0.003361348,0.006325132,-0.009501259,0.01342302,0.004192878,0.000653297,0.004665638
0.00623055,0.010050336,0.005405419,0.026202372,0.003952574,0.012578782,-0.002034589,0.010090903,0.012330612,0,-0.005780363,0.011236073,0.001838799,-0.014184635,0.019169916,0.007361996,-0.00313972,-0.002541297,0.006711435,-0.005899722,0.004228336,0.00508907,0,0.006968669,0.005115101,0.012766131,-0.001204094,0.00294551,0.001892148,0.002518893,0.007202912,0,0,0.005389811,-0.013605652,0.017305747,0.004854378,0.020052659,-0.004626068,0.016694879,0.008788506,0,-0.001668057,0.018653391,0.003123468,0.003871472
0.024541109,0.00796817,0.013387081,0,0.010789707,0.018576386,0.016161968,0.013958352,0.002447982,0.010810916,0.008658063,0.011111225,0.008536637,0.014184635,0.007880261,0.009732437,0.006269613,-0.001273075,0.009983444,0.017595762,0.008403411,0.025063969,0.011049836,0.006920443,0.008467451,0.012605209,0.016726794,0.005865119,0.009407407,0.010012599,0.030336592,0.023530497,0.019048195,0.015430347,-0.013793322,0.004889985,0.004830927,0.014598799,0.012797718,0.006600684,0.01242252,-0.002389487,0.00996686,0.008180005,0.010251497,0.009996239
-0.043350441,-0.032260862,-0.035186309,-0.04405999,-0.043875432,-0.024845999,-0.023315805,-0.03219594,-0.029778875,-0.027249642,-0.023256862,-0.022347299,-0.014063209,-0.023754086,-0.012638399,-0.034486176,0,-0.006389798,-0.031392712,-0.01464155,-0.021142437,-0.020000667,-0.009463793,-0.010398707,-0.013582552,-0.012605209,-0.03988444,-0.017699577,-0.016997576,-0.016321768,-0.006694829,-0.035506688,-0.0319516,-0.006447965,0,-0.037271395,-0.012121361,-0.032403424,-0.021594669,-0.026668247,-0.028805999,-0.007202912,-0.025105921,-0.018500014,-0.022495096,-0.022438079
0.006309169,0.004089985,0.004123717,0.00896867,0.009132484,-0.006309169,-0.01342302,-0.008213599,-0.007585371,0,-0.008862687,-0.002828856,-0.003083567,0.004796172,0,-0.002509412,-0.012578782,-0.002567396,0,-0.002954212,-0.008583744,-0.005063302,-0.004765696,-0.006993035,0,0.020921265,0,-0.002980628,-0.01342302,-0.008900249,0.001750803,-0.012121361,0.012903405,0.004555817,0,0.010075652,0.002436055,-0.013564639,0.006217637,-0.013605652,-0.014075728,-0.002412546,-0.01537178,0.010320009,-0.00339058,-0.001566171
-0.019048195,-0.016461277,-0.011034595,0,-0.010152371,-0.019169916,-0.001040042,-0.0166324,-0.017926216,-0.016713481,-0.014947961,-0.011396135,-0.006195807,-0.014458083,-0.006379607,-0.002515725,-0.006349228,-0.002574004,-0.008004617,-0.008915364,-0.013015368,-0.00508907,-0.009600074,-0.010582109,0,-0.00623055,-0.013656326,-0.015037877,0.001928641,-0.002557546,-0.00760905,-0.037271395,-0.012903405,-0.00951482,0,-0.005025136,0.004854378,0.006805319,-0.027757739,0.003418807,-0.015584731,-0.002418381,-0.026156679,-0.008247469,-0.00797555,-0.009448889
-0.019418086,-0.010427623,-0.004169568,-0.045670037,-0.012320484,0,-0.01256561,-0.010537505,0,-0.016997576,-0.009077218,-0.002869442,-0.001866252,0.004842624,0,-0.025511588,-0.003189795,0.00128783,-0.001148765,-0.008995563,0.004357305,-0.005115101,0.001606426,-0.010695289,-0.001710864,-0.014690715,0.00623055,-0.012195273,0.001924928,-0.010296101,-0.015990865,-0.012739026,0.019293203,-0.003831422,0.013793322,-0.043765028,-0.022032715,-0.01060616,-0.014442615,-0.024180798,-0.001309758,-0.004854378,-0.021429391,-0.004149384,-0.005057537,-0.011137744
0.006514681,0.002094242,-0.005586607,-0.018868484,0,-0.02614528,-0.002109705,0.010537505,0,0,0,-0.011560822,-0.006246116,0.009615459,-0.008032172,0.005154651,-0.003200003,0.00641439,0.002296212,0.003007521,0,0,-0.006441246,0,0.001710864,-0.004237294,-0.00498133,0.006116227,0.00192123,-0.003888534,-0.017768876,-0.012903405,0,-0.003846159,-0.027779564,-0.013245227,-0.004962789,-0.006878132,0.010185025,-0.031974305,0.007832938,0,0.017889565,-0.006256538,-0.00158108,-0.00080032
-0.019672766,-0.016878038,-0.004210533,-0.009569451,-0.018770103,-0.020067563,0.004214969,-0.012658397,-0.005181359,0,-0.00609758,-0.00583092,0.00375235,-0.009615459,0.009630893,-0.007741974,0.003200003,0,0.001146132,0.005988042,-0.004357305,-0.0051414,-0.003236249,0,-0.001710864,0.004237294,-0.002500001,0.015128882,-0.003846159,0.009049836,0.000607533,-0.013072082,-0.012820688,0.00019266,0.027779564,-0.021564178,-0.015037877,-0.010019352,0.002663117,-0.0108894,0.00777206,0.007272759,-0.045338681,0,-0.001815943,-0.004011237
0.006600684,0.004246291,0.004210533,0.009569451,0.012552466,0.006734032,0.012539349,0.014752638,0.005181359,0.005698021,0.00609758,0.00291971,0.003116238,-0.004842624,0.009539023,0.01542447,0.006369448,0.001277955,0.011389645,0.005952399,0,0.0051414,0.001619434,0,0.006825965,0.049494638,0.012437971,-0.009049836,0,0.005134799,-0.002432351,0,0,-0.004634108,0.013605652,0.026883339,0,0.014610025,0.008474627,0.0108894,0.001289491,0.009615459,0.012903405,-0.002094242,0.006238334,0.008006448
-0.013245227,-0.010649728,-0.019802627,0.018868484,-0.025264502,-0.013513719,-0.014644613,-0.012631747,-0.023530497,-0.017192401,-0.024616628,-0.00584797,-0.010006337,-0.019608471,-0.011137744,0,-0.006369448,-0.011560822,-0.013683224,-0.017964555,-0.008771986,-0.031252544,-0.00486619,0,-0.031090587,-0.024441135,-0.017456802,-0.012195273,-0.017493157,-0.016785417,-0.016884515,-0.013245227,-0.012987196,-0.014032583,0.026668247,0.002649008,-0.010152371,0.017404904,-0.016485351,-0.01821544,-0.009061551,-0.014458083,-0.016620881,-0.008421102,-0.014321442,-0.014458083
-0.01342302,0.010649728,0.002853069,0.009302393,-0.013956211,-0.006825965,-0.007403524,-0.006376217,-0.002649008,0.005763705,0.003110422,-0.014771317,0,0,0.00796817,0.015190165,0.003189795,0.005154651,0.005724114,0.009022618,0.013129291,0.015748357,0.001624696,0.007142888,-0.00881063,-0.006204777,0.001257071,0.012195273,-0.001962709,-0.006531702,0.002164838,0,0.019418086,-0.009465659,-0.026668247,0.033813364,0.012674441,0.011931536,-0.001609874,0.014598799,0.001299545,0.012062872,0.007421184,0.002111933,8.37E-05,0.000808734
0.020067563,-0.002120892,0.023927954,-0.009302393,0.024560765,0,0.015798117,0.016913722,0.005291018,0.011428696,0.042559614,0.00297177,0.00564088,0.024451096,0.00790518,0,0.006349228,0.008957194,0.014731145,0.008941937,0.008658063,0.005194817,0,0.007092228,-0.00177148,0.010320009,0.014962873,0,0.005876608,0.014313842,0.017759193,0.013245227,0.019048195,0.007107631,0.01342302,-0.010282867,-0.007585371,-0.002969564,0.019676253,0.042559614,0.010336009,0.011919092,0.001846723,0.010493276,0.010254366,0.012851583
-0.033673215,-0.019293203,-0.011188928,-0.028437935,-0.022400937,-0.013793322,-0.021120109,-0.014783796,-0.005291018,-0.011428696,-0.024097552,-0.01194044,-0.010681848,-0.019512814,-0.014274628,-0.022872662,-0.009539023,-0.002551022,-0.01701686,-0.014947961,-0.021787354,-0.015666117,-0.016366977,-0.014235116,-0.017889565,-0.006179216,-0.008701111,-0.015267472,-0.011787956,-0.02220862,-0.017450313,-0.013245227,-0.006309169,-0.010680481,-0.027028672,-0.020888488,-0.030930301,-0.016492128,-0.021288723,0.010362787,-0.01685069,-0.007134394,-0.014870162,-0.010493276,-0.014925214,-0.017713829
-0.006872879,0.023530497,0.002808991,0.009569451,-0.002159828,0.013793322,0.009559287,-0.004264399,-0.010666768,0.011428696,0.018127385,0.020803128,0.001893342,0,0.003189795,-0.007741974,0.009539023,0.006365394,0.005704522,0,0.013129291,0,0.008216973,0.003577821,0.003603608,0.008230499,0.012407107,0.003072199,0.009832921,0.007894778,-0.004643252,-0.054808236,0,-0.005183425,0.013605652,-0.010610179,0,0.009029407,-0.012449417,-0.013841051,0.01169604,0.014218249,0.024052963,-0.029980832,0.00539008,0.001623377
-0.006920443,0.002111933,0.001401542,0.009478744,0.005390849,-0.006872879,-0.002116403,0.004264399,0.002677378,0,0,0,0.01066175,-0.009901071,-0.001593626,0.01030937,0,0.008844025,0.002272728,0.006006024,0.008658063,0,0.006525309,0.010657294,0.001796946,0.004089985,0.002463055,0.009160369,0,-0.002624673,-0.015319981,-0.014184635,0,-0.031059028,-0.027398974,0.018494583,-0.005249356,0.008205939,0.014598799,0.034249923,0.010282867,0.007034027,0.007286007,-0.004357305,0.00357176,0.003238869
0.006920443,0.008403411,0.005586607,-0.009478744,0.023380449,0.013698844,0.007387896,0.016878038,0.005333346,0,0.005970167,0,0.003735994,0.004962789,0.003184716,-0.007722046,0.00315956,0.002512564,0.00903961,0.011904903,0.008583744,0.005249356,0.006483005,0.007042283,-0.005400553,0.026184779,0.012225091,0.003034904,0.003906255,0.007853444,-0.015558339,-0.028987537,0.012578782,-0.00103146,-0.042559614,-0.005249356,-0.002635048,-0.015724772,0.007486666,0.016694879,0.020253857,0.011614532,0.021544819,-0.013187004,0.006311108,0.004838719
0.033901552,0.012474174,-0.006988149,0.018868484,0.032044085,0.02684725,0.016684433,0.024794659,0.013210232,0.022472856,0.020619287,0.00878483,0.007430375,0.014742282,0,0.010282867,0.006289329,0.001253919,0.008958627,0,0.012739026,0.005221944,-0.013008314,0.003502631,0.008984786,0.019685675,0,0.009049836,0.00583092,0.011665719,0.031188541,0.057158414,0.01242252,0.017391743,-0.059719235,0.031090587,0.026043139,0.006019582,0.034043612,0.02614528,0.001252348,-0.044871754,0.060311126,0.013187004,0.009039917,0.013583908
0,0.006179216,-0.025569575,0,-0.012282652,-0.013333531,-0.005184045,-0.008196767,-0.013210232,-0.016807118,-0.014684552,-0.00584797,-0.003708286,-0.009804,-0.006379607,-0.005128216,0.003129893,-0.002509412,-0.006711435,-0.008915364,-0.004228336,-0.005221944,-0.003278691,-0.007017573,-0.014414664,-0.009794398,-0.001215806,0,-0.00583092,-0.010362787,-0.008409955,-0.028170877,-0.01242252,-0.012245051,0.045120435,0.00508907,-0.026043139,-0.010558167,-0.01347869,-0.019544596,-0.011328,-0.014598799,-0.005029348,0.002181026,-0.006617417,-0.005571045
0,-0.012396853,-0.013034218,-0.00938974,0.004111003,0.006688988,-0.016771882,0,-0.010695289,-0.011363759,0.020498522,0.00292826,0.003091193,0.01467019,-0.006420568,-0.015544354,-0.022117805,-0.003775964,-0.005627477,-0.015037877,0,0.015584731,-0.00824407,-0.003527341,-0.001816531,-0.011881328,-0.003656311,0.002998503,0.00583092,-0.017071984,0.026544768,0,0.00623055,-0.014061439,-0.014815086,-0.002541297,-0.013280408,-0.016049255,0.012963625,0.009820046,-0.001266625,0,0.018318581,0.008676844,-0.004933867,-0.003197445
-0.006688988,-0.016771882,0,-0.019048195,-0.006172859,-0.033901552,-0.014909754,0.012270093,-0.00809721,-0.023122417,-0.01754431,-0.00881063,-0.006813281,-0.024571261,-0.008084118,-0.015789802,0,-0.006325132,-0.014781395,-0.012195273,-0.012793351,-0.026111144,-0.015012792,-0.010657294,-0.009132484,-0.014042357,-0.00981603,0,-0.017595762,-0.021419828,-0.015037877,-0.014388737,-0.018809332,-0.011309021,-0.015037877,0.005076153,-0.021622464,-0.010844413,-0.008277336,0.012945165,-0.01532597,-0.029852963,-0.009950331,-0.019629856,-0.009631295,-0.011272261
0.006688988,0.022989518,0.00581397,0.028437935,0.00822204,0.006872879,0.009610325,-0.002034589,0.013459153,0.017391743,0.00294551,0.00294551,0.015418128,0.004962789,0.00162206,0.010554188,0.003189795,0.006325132,0.014781395,0,0.03375848,0.005277057,0.003355708,0.010657294,0.009132484,0.012048339,0.012255055,0.008941937,-0.001974334,0.014775286,0.017471709,0,0,0.016708826,0.0588405,0.010075652,0,-0.001558847,0.044203284,-0.036010438,0.00896867,0.010050336,0.014888612,0,0.00909173,0.00886745
0.019802627,0.006179216,0.005780363,0,0.029250699,0.006825965,0.014768201,0.016161968,-0.005361943,0.011428696,0.026126305,0.00293686,0.01458106,0.004938282,0.011281344,-0.00790518,0.012658397,0.024907888,0.00786963,0.012195273,0.024591403,0.015666117,-0.001676446,0.007042283,0.007246409,0.013875346,0.013309331,0.005917177,0.003944778,0.021108963,0.009676519,0,0,0.022122983,0,0.00250313,0.013568729,-0.010980502,0.005452306,0.016529302,0.001274697,-0.005012542,0.033901552,0.008771986,0.011975993,0.012759344
0.012987196,0.026343975,0.008608375,0.027651531,-0.003984069,0.013513719,0.009379954,0.011952334,0.013351333,0.005665738,-0.002869442,0.01166194,0.003011143,-0.004938282,0.006389798,0.023530497,0.012500163,0.002457004,0.001119194,0.006042314,-0.008130126,0.00516797,-0.001679262,0.0104713,0.016114941,-0.003944778,0,0.00294551,0.001966569,0.00780238,-0.003617731,-0.014598799,0.025001302,0.007870084,0,0.034401427,0.008053735,0.024923408,0.008858326,-0.006578971,0.001273075,0.005012542,-0.001588563,0.002181026,0.005955028,0.008678555
0,0.013902905,0.016997576,-0.018349139,0.029500664,0.019934215,0.015440348,0.013766196,0.018397365,0.016807118,0.005730675,0.02292364,0.005995222,0.038839833,0.003179653,0.010282867,0.00619197,-0.003687773,0.018837122,0.003007521,0.016194686,0,0.016667052,0.003466208,-0.001777778,0,0.022579688,0.014598799,0.009775249,0.014148146,0.004820738,0.014598799,0.018349139,0.017533822,0,0.002412546,0.005333346,0.003838776,0.001468789,-0.003305788,0.015151805,0.017348638,0,0.012987196,0.012392917,0.009382399
